window,accuracy
15,0.98032
14,0.98134
13,0.98085
12,0.97470
11,0.98035
10,0.97747
9,0.97510
8,0.97169
7,0.97934
6,0.96804
5,0.96766
4,0.96480
3,0.95679
2,0.94162
1,0.83333
