w,accs,var
2,0.760465116,0.02996302
3,0.840506329,0.042814011
4,0.826506024,0.071724704
5,0.807228916,0.021552462
6,0.831914894,0.028065757
7,0.831707317,0.023647219
8,0.858536585,0.018251987
9,0.87173913,0.029488391
10,0.869047619,0.010647943
11,0.85060241,0.019575996
12,0.8825,0.023184046
13,0.880952381,0.03011693
14,0.870967742,0.05770498
15,0.894382022,0.039309788
