w,accs,std
2,0.760465116,0.075213775
3,0.805063291,0.033586074
4,0.792771084,0.027893583
5,0.828915663,0.025727899
6,0.806382979,0.025531915
7,0.841463415,0.036176578
8,0.853658537,0.026718174
9,0.839130435,0.017391304
10,0.842857143,0.017496355
11,0.86746988,0.031417843
12,0.85,0.051234754
13,0.852380952,0.045550301
14,0.855913978,0.033729865
15,0.865168539,0.029299786
